source_dataset,source_path,class_name,group_id,reason
esc50,esc50/ESC-50-master/audio/2-43802-A-42.wav,Alarm or Siren,freesound:43802,label conflict across sources (Alarm or Siren vs Vehicle Horn)
esc50,esc50/ESC-50-master/audio/5-209698-A-38.wav,Background Noise,freesound:209698,label conflict across sources (Alarm or Siren vs Background Noise)
fsd50k,fsd50k/FSD50K.dev_audio/102102.wav,Background Noise,freesound:102102,label conflict across sources (Animal Sound vs Background Noise)
fsd50k,fsd50k/FSD50K.dev_audio/102103.wav,Background Noise,freesound:102103,label conflict across sources (Animal Sound vs Background Noise)
fsd50k,fsd50k/FSD50K.dev_audio/102104.wav,Background Noise,freesound:102104,label conflict across sources (Animal Sound vs Background Noise)
fsd50k,fsd50k/FSD50K.dev_audio/102106.wav,Background Noise,freesound:102106,label conflict across sources (Animal Sound vs Background Noise)
fsd50k,fsd50k/FSD50K.dev_audio/178849.wav,Aggression,freesound:178849,label conflict across sources (Aggression vs Panic Scream)
fsd50k,fsd50k/FSD50K.dev_audio/209698.wav,Alarm or Siren,freesound:209698,label conflict across sources (Alarm or Siren vs Background Noise)
fsd50k,fsd50k/FSD50K.dev_audio/9674.wav,Alarm or Siren,freesound:9674,label conflict across sources (Alarm or Siren vs Vehicle Horn)
fsd50k,fsd50k/FSD50K.eval_audio/146432.wav,Aggression,freesound:146432,label conflict across sources (Aggression vs Panic Scream)
nonspeech7k,nonspeech7k/train/146432-2_4_0.wav,Panic Scream,freesound:146432,label conflict across sources (Aggression vs Panic Scream)
nonspeech7k,nonspeech7k/train/178849-2_4_0.wav,Panic Scream,freesound:178849,label conflict across sources (Aggression vs Panic Scream)
urbansound8k,urbansound8k/UrbanSound8K/audio/fold1/102106-3-0-0.wav,Animal Sound,freesound:102106,label conflict across sources (Animal Sound vs Background Noise)
urbansound8k,urbansound8k/UrbanSound8K/audio/fold10/102103-3-0-0.wav,Animal Sound,freesound:102103,label conflict across sources (Animal Sound vs Background Noise)
urbansound8k,urbansound8k/UrbanSound8K/audio/fold10/102103-3-1-0.wav,Animal Sound,freesound:102103,label conflict across sources (Animal Sound vs Background Noise)
urbansound8k,urbansound8k/UrbanSound8K/audio/fold2/102104-3-0-0.wav,Animal Sound,freesound:102104,label conflict across sources (Animal Sound vs Background Noise)
urbansound8k,urbansound8k/UrbanSound8K/audio/fold3/9674-1-0-0.wav,Vehicle Horn,freesound:9674,label conflict across sources (Alarm or Siren vs Vehicle Horn)
urbansound8k,urbansound8k/UrbanSound8K/audio/fold3/9674-1-0-1.wav,Vehicle Horn,freesound:9674,label conflict across sources (Alarm or Siren vs Vehicle Horn)
urbansound8k,urbansound8k/UrbanSound8K/audio/fold3/9674-1-0-2.wav,Vehicle Horn,freesound:9674,label conflict across sources (Alarm or Siren vs Vehicle Horn)
urbansound8k,urbansound8k/UrbanSound8K/audio/fold4/102102-3-0-0.wav,Animal Sound,freesound:102102,label conflict across sources (Animal Sound vs Background Noise)
urbansound8k,urbansound8k/UrbanSound8K/audio/fold6/43802-1-0-0.wav,Vehicle Horn,freesound:43802,label conflict across sources (Alarm or Siren vs Vehicle Horn)
urbansound8k,urbansound8k/UrbanSound8K/audio/fold6/43802-1-1-0.wav,Vehicle Horn,freesound:43802,label conflict across sources (Alarm or Siren vs Vehicle Horn)
urbansound8k,urbansound8k/UrbanSound8K/audio/fold6/43802-1-2-0.wav,Vehicle Horn,freesound:43802,label conflict across sources (Alarm or Siren vs Vehicle Horn)
urbansound8k,urbansound8k/UrbanSound8K/audio/fold5/45256-1-0-0.wav,Vehicle Horn,freesound:45256,too short (0.28s < 0.3s)
freesound,freesound/vehicle_horn/591781.ogg,Vehicle Horn,freesound:591781,silent (peak 0.00000 < 0.001)
urbansound8k,urbansound8k/UrbanSound8K/audio/fold2/155129-1-0-0.wav,Vehicle Horn,freesound:155129,too short (0.10s < 0.3s)
urbansound8k,urbansound8k/UrbanSound8K/audio/fold3/151359-1-2-0.wav,Vehicle Horn,freesound:151359,too short (0.10s < 0.3s)
urbansound8k,urbansound8k/UrbanSound8K/audio/fold9/27068-1-0-0.wav,Vehicle Horn,freesound:27068,too short (0.22s < 0.3s)
urbansound8k,urbansound8k/UrbanSound8K/audio/fold2/17307-1-0-0.wav,Vehicle Horn,freesound:17307,too short (0.06s < 0.3s)
urbansound8k,urbansound8k/UrbanSound8K/audio/fold1/87275-1-1-0.wav,Vehicle Horn,freesound:87275,too short (0.05s < 0.3s)
urbansound8k,urbansound8k/UrbanSound8K/audio/fold1/87275-1-4-0.wav,Vehicle Horn,freesound:87275,too short (0.07s < 0.3s)
urbansound8k,urbansound8k/UrbanSound8K/audio/fold3/118496-1-1-0.wav,Vehicle Horn,freesound:118496,too short (0.19s < 0.3s)
urbansound8k,urbansound8k/UrbanSound8K/audio/fold1/156194-1-0-0.wav,Vehicle Horn,freesound:156194,too short (0.25s < 0.3s)
urbansound8k,urbansound8k/UrbanSound8K/audio/fold9/175853-1-0-0.wav,Vehicle Horn,freesound:175853,too short (0.28s < 0.3s)
urbansound8k,urbansound8k/UrbanSound8K/audio/fold5/131199-3-0-0.wav,Animal Sound,freesound:131199,too short (0.29s < 0.3s)
urbansound8k,urbansound8k/UrbanSound8K/audio/fold3/144885-3-0-0.wav,Animal Sound,freesound:144885,too short (0.26s < 0.3s)
urbansound8k,urbansound8k/UrbanSound8K/audio/fold2/160092-3-0-0.wav,Animal Sound,freesound:160092,too short (0.13s < 0.3s)
urbansound8k,urbansound8k/UrbanSound8K/audio/fold5/116163-3-0-0.wav,Animal Sound,freesound:116163,too short (0.27s < 0.3s)
urbansound8k,urbansound8k/UrbanSound8K/audio/fold2/4911-3-0-0.wav,Animal Sound,freesound:4911,too short (0.21s < 0.3s)
urbansound8k,urbansound8k/UrbanSound8K/audio/fold1/166268-3-0-0.wav,Animal Sound,freesound:166268,too short (0.24s < 0.3s)
urbansound8k,urbansound8k/UrbanSound8K/audio/fold1/166268-3-2-0.wav,Animal Sound,freesound:166268,too short (0.21s < 0.3s)
